date,symbol,rank,top10,score,categoria,azionabile,price,fv,sconto,conf,sector,cmf,storno,regime
2026-09-28,ENS,1,True,73.8,BREVE/MEDIO,True,177.98,252.58,29.54,Alta,Industrials,0.065,26.9,RISK-ON
2026-09-28,STX,2,True,72.6,CASSETTO,True,921.51,1771.88,47.99,Media,Technology,0.165,19.4,RISK-ON
2026-09-28,BHF,3,True,69.7,BREVE/MEDIO,True,52.04,171.41,69.64,Media,Financial Services,-0.178,22.1,RISK-ON
2026-09-28,Q,4,True,65.6,BREVE/MEDIO,True,124.91,172.1,27.42,Media,Technology,0.099,29.5,RISK-ON
2026-09-28,ON,5,True,65.3,BREVE/MEDIO,True,75.65,103.69,27.04,Media,Technology,0.134,43.9,RISK-ON
2026-09-28,DCI,6,True,63.8,BREVE/MEDIO,True,87.48,82.51,-6.02,Media,Industrials,0.047,21.9,RISK-ON
2026-09-28,LULU,7,True,62.2,BREVE/MEDIO,True,100.58,155.63,35.37,Media,Consumer Cyclical,0.097,55.5,RISK-ON
2026-09-28,RRX,8,True,61.5,BREVE/MEDIO,True,156.48,221.62,29.39,Media,Industrials,-0.03,36.9,RISK-ON
2026-09-28,ISRG,9,True,56.2,PAC,True,414.79,386.93,-7.2,Bassa,Healthcare,0.268,31.3,RISK-ON
2026-09-28,UNH,10,True,52.2,BREVE/MEDIO,True,377.83,481.72,21.57,Media,Healthcare,-0.044,17.6,RISK-ON
2026-09-28,BTSG,11,False,68.9,ATTESA,False,56.54,78.94,28.38,Alta,Healthcare,-0.0,23.3,RISK-ON
2026-09-28,CXT,12,False,68.4,ATTESA,False,47.5,69.43,31.59,Alta,Industrials,-0.079,30.1,RISK-ON
2026-09-28,AMAT,13,False,67.6,ATTESA,False,486.76,590.7,17.6,Media,Technology,0.266,34.1,RISK-ON
2026-09-28,KLAC,14,False,66.3,ATTESA,False,189.17,214.57,11.84,Media,Technology,0.303,38.4,RISK-ON
2026-09-28,TXN,15,False,65.3,CASSETTO,True,278.31,340.64,18.3,Media,Technology,0.304,16.3,RISK-ON
2026-09-28,NXPI,16,False,64.2,BREVE/MEDIO,True,236.32,311.1,24.04,Bassa,Technology,0.147,29.9,RISK-ON
2026-09-28,WDC,17,False,63.5,ATTESA,False,453.23,600.45,24.52,Media,Technology,0.04,43.3,RISK-ON
2026-09-28,MKSI,18,False,63.1,BREVE/MEDIO,True,258.38,410.86,37.11,Bassa,Technology,0.266,42.2,RISK-ON
2026-09-28,TER,19,False,63.0,ATTESA,False,401.3,372.88,-7.62,Media,Technology,0.22,17.7,RISK-ON
2026-09-28,EEFT,20,False,62.9,ATTESA,False,64.93,138.86,53.24,Media,Technology,-0.101,28.3,RISK-ON
2026-09-28,TTMI,21,False,62.6,ATTESA,False,124.19,220.56,43.69,Bassa,Technology,0.106,44.5,RISK-ON
2026-09-28,AVGO,22,False,62.3,BREVE/MEDIO,True,349.57,531.85,34.27,Bassa,Technology,0.035,29.1,RISK-ON
2026-09-28,AEIS,23,False,61.1,ATTESA,False,277.84,260.78,-6.54,Media,Industrials,0.044,30.0,RISK-ON
2026-09-28,LRCX,24,False,60.7,CASSETTO,True,314.47,375.67,16.29,Media,Technology,0.208,28.2,RISK-ON
2026-09-28,PYPL,25,False,60.4,ATTESA,False,54.28,69.42,21.81,Media,Financial Services,-0.023,30.7,RISK-ON
2026-09-28,CGNX,26,False,60.3,ATTESA,False,58.75,64.61,9.06,Bassa,Technology,0.048,19.3,RISK-ON
2026-09-28,CNM,27,False,60.0,ATTESA,False,42.39,55.29,23.33,Alta,Industrials,-0.045,28.9,RISK-ON
2026-09-28,LII,28,False,59.9,BREVE/MEDIO,True,368.41,444.02,17.03,Media,Industrials,-0.05,37.3,RISK-ON
2026-09-28,AMKR,29,False,59.7,PAC,True,53.18,72.53,26.68,Media,Technology,0.193,44.9,RISK-ON
2026-09-28,RMBS,30,False,59.5,PAC,True,102.12,119.08,14.24,Bassa,Technology,0.344,41.3,RISK-ON
2026-09-28,PTC,31,False,59.4,ATTESA,False,139.69,174.21,19.82,Alta,Technology,-0.022,32.5,RISK-ON
2026-09-28,DKS,32,False,59.0,ATTESA,False,134.16,422.44,68.24,Media,Consumer Cyclical,-0.006,44.6,RISK-ON
2026-09-28,LUV,33,False,58.9,PAC,True,42.28,80.39,47.41,Media,Industrials,0.093,22.3,RISK-ON
2026-09-28,MPWR,34,False,58.9,BREVE/MEDIO,True,1351.2,1115.86,-21.09,Media,Technology,0.178,21.1,RISK-ON
2026-09-28,FN,35,False,58.5,ATTESA,False,409.96,697.21,41.2,Media,Technology,-0.142,45.3,RISK-ON
2026-09-28,MU,36,False,58.1,ATTESA,False,1053.98,1520.76,30.69,Bassa,Technology,0.201,16.0,RISK-ON
2026-09-28,FLEX,37,False,58.0,ATTESA,False,113.04,227.56,50.32,Media,Technology,-0.082,32.3,RISK-ON
2026-09-28,MTSI,38,False,57.8,CASSETTO,True,278.56,271.56,-2.58,Media,Technology,0.106,33.5,RISK-ON
2026-09-28,VIAV,39,False,57.6,CASSETTO,True,40.87,61.43,33.47,Bassa,Technology,0.105,32.4,RISK-ON
2026-09-28,BKR,40,False,57.3,ATTESA,False,57.12,72.22,20.91,Media,Energy,0.038,18.3,RISK-ON
2026-09-28,SSD,41,False,57.2,ATTESA,False,174.79,181.53,3.71,Media,Basic Materials,-0.075,18.0,RISK-ON
2026-09-28,EME,42,False,57.1,ATTESA,False,765.52,624.73,-22.54,Bassa,Industrials,0.144,19.5,RISK-ON
2026-09-28,YETI,43,False,56.7,ATTESA,False,43.33,54.93,21.12,Bassa,Consumer Cyclical,-0.035,19.7,RISK-ON
2026-09-28,DLB,44,False,56.0,PAC,True,58.19,77.86,25.26,Media,Industrials,0.066,18.5,RISK-ON
2026-09-28,DD,45,False,56.0,ATTESA,False,130.98,170.0,22.95,Media,Basic Materials,-0.015,16.1,RISK-ON
2026-09-28,CRUS,46,False,56.0,PAC,True,119.53,106.8,-11.92,Media,Technology,0.23,33.7,RISK-ON
2026-09-28,MAS,47,False,55.7,ATTESA,False,68.36,79.14,13.63,Alta,Industrials,-0.051,17.9,RISK-ON
2026-09-28,AOS,48,False,55.6,ATTESA,False,58.38,69.91,16.49,Alta,Industrials,-0.198,27.9,RISK-ON
2026-09-28,SYNA,49,False,55.5,ATTESA,False,100.36,130.33,23.0,Media,Technology,0.119,32.7,RISK-ON
2026-09-28,APG,50,False,55.4,BREVE/MEDIO,True,38.35,33.82,-13.4,Bassa,Industrials,0.172,23.3,RISK-ON
2026-09-28,GMED,51,False,55.3,ATTESA,False,74.78,103.23,27.56,Bassa,Healthcare,-0.179,26.3,RISK-ON
2026-09-28,ONTO,52,False,55.3,CASSETTO,True,288.74,374.0,22.8,Media,Technology,0.074,25.3,RISK-ON
2026-09-28,MCHP,53,False,55.2,ATTESA,False,77.97,107.84,27.7,Bassa,Technology,0.307,25.6,RISK-ON
2026-09-28,GXO,54,False,55.2,BREVE/MEDIO,True,44.77,60.18,25.61,Alta,Industrials,0.015,33.0,RISK-ON
2026-09-28,MAT,55,False,55.0,ATTESA,False,13.34,24.81,46.23,Alta,Consumer Cyclical,-0.204,40.7,RISK-ON
2026-09-28,QCOM,56,False,54.8,ATTESA,False,187.48,168.2,-11.46,Alta,Technology,-0.037,27.2,RISK-ON
2026-09-28,ULTA,57,False,54.7,ATTESA,False,549.13,540.69,-1.56,Media,Consumer Cyclical,-0.003,23.2,RISK-ON
2026-09-28,SANM,58,False,54.6,CASSETTO,True,220.06,445.36,50.59,Bassa,Technology,0.114,23.8,RISK-ON
2026-09-28,CSCO,59,False,54.3,BREVE/MEDIO,True,106.74,137.25,22.23,Bassa,Technology,-0.044,17.8,RISK-ON
2026-09-28,LSCC,60,False,54.0,ATTESA,False,124.03,102.81,-20.64,Media,Technology,0.203,21.0,RISK-ON
2026-09-28,VICR,61,False,54.0,CASSETTO,True,285.1,190.19,-49.91,Bassa,Technology,0.347,25.5,RISK-ON
2026-09-28,WSO,62,False,53.7,BREVE/MEDIO,True,313.22,226.51,-38.28,Media,Industrials,-0.035,31.2,RISK-ON
2026-09-28,OC,63,False,53.5,ATTESA,False,122.03,183.33,33.44,Alta,Industrials,-0.197,23.7,RISK-ON
2026-09-28,RBC,64,False,53.5,BREVE/MEDIO,True,504.2,282.59,-78.42,Bassa,Industrials,0.132,24.5,RISK-ON
2026-09-28,ALGN,65,False,53.2,ATTESA,False,145.0,206.36,29.73,Bassa,Healthcare,-0.038,27.7,RISK-ON
2026-09-28,ALB,66,False,53.1,ATTESA,False,107.39,171.56,37.41,Alta,Basic Materials,-0.184,51.1,RISK-ON
2026-09-28,STRL,67,False,52.9,PAC,True,498.36,431.74,-15.43,Bassa,Industrials,0.153,50.4,RISK-ON
2026-09-28,FDX,68,False,52.7,ATTESA,False,289.65,355.14,18.44,Alta,Industrials,-0.146,15.5,RISK-ON
2026-09-28,GLW,69,False,52.7,ATTESA,False,151.59,139.66,-8.55,Media,Technology,-0.057,44.1,RISK-ON
2026-09-28,HON,70,False,52.7,ATTESA,False,211.52,168.14,-25.8,Media,Industrials,0.156,18.0,RISK-ON
2026-09-28,DOV,71,False,52.6,ATTESA,False,191.48,197.86,3.22,Media,Industrials,-0.081,18.8,RISK-ON
2026-09-28,FIX,72,False,52.6,CASSETTO,True,1658.3,1023.03,-62.1,Bassa,Industrials,0.221,20.0,RISK-ON
2026-09-28,GNTX,73,False,52.5,ATTESA,False,22.34,28.22,20.85,Alta,Consumer Cyclical,-0.208,21.4,RISK-ON
2026-09-28,DOCU,74,False,52.4,ATTESA,False,66.98,117.06,42.78,Bassa,Technology,-0.045,18.8,RISK-ON
2026-09-28,ALGM,75,False,52.4,BREVE/MEDIO,True,36.94,47.24,21.8,Bassa,Technology,0.045,48.5,RISK-ON
2026-09-28,TNL,76,False,52.0,ATTESA,False,63.87,151.32,57.79,Media,Consumer Cyclical,-0.158,19.1,RISK-ON
2026-09-28,VMI,77,False,52.0,ATTESA,False,467.84,441.64,-5.93,Media,Industrials,-0.14,19.9,RISK-ON
2026-09-28,TMUS,78,False,51.8,BREVE/MEDIO,True,166.45,244.12,31.82,Bassa,Communication Services,-0.06,29.5,RISK-ON
2026-09-28,NOVT,79,False,51.7,ATTESA,False,142.08,139.73,-1.68,Media,Technology,0.008,19.4,RISK-ON
2026-09-28,OLED,80,False,51.5,PAC,True,75.47,84.99,11.21,Bassa,Technology,0.104,49.8,RISK-ON
2026-09-28,KRG,81,False,51.4,ATTESA,False,24.8,30.78,19.42,Bassa,Real Estate,-0.014,17.1,RISK-ON
2026-09-28,WMS,82,False,51.4,ATTESA,False,130.78,125.52,-4.19,Bassa,Industrials,-0.067,26.8,RISK-ON
2026-09-28,PODD,83,False,51.3,PAC,True,133.11,171.91,22.57,Bassa,Healthcare,0.062,62.5,RISK-ON
2026-09-28,ZTS,84,False,51.2,ATTESA,False,71.43,81.35,12.2,Alta,Healthcare,-0.113,51.1,RISK-ON
2026-09-28,CMC,85,False,51.1,ATTESA,False,64.49,124.31,48.12,Media,Industrials,-0.235,23.5,RISK-ON
2026-09-28,BSX,86,False,51.1,ATTESA,False,44.11,61.0,27.69,Bassa,Healthcare,-0.076,58.2,RISK-ON
2026-09-28,IDXX,87,False,51.1,BREVE/MEDIO,True,529.06,294.9,-79.4,Bassa,Healthcare,-0.041,31.3,RISK-ON
2026-09-28,CAT,88,False,50.9,CASSETTO,True,819.95,550.41,-48.97,Media,Industrials,0.169,23.5,RISK-ON
2026-09-28,VRT,89,False,50.9,BREVE/MEDIO,True,244.04,155.08,-57.36,Bassa,Industrials,-0.021,35.7,RISK-ON
2026-09-28,HUBB,90,False,50.8,ATTESA,False,465.72,389.64,-19.53,Bassa,Industrials,0.023,17.1,RISK-ON
2026-09-28,SGI,91,False,50.7,ATTESA,False,62.28,93.44,33.35,Media,Consumer Cyclical,-0.177,36.4,RISK-ON
2026-09-28,VFC,92,False,50.5,BREVE/MEDIO,True,14.42,18.33,21.32,Bassa,Consumer Cyclical,0.019,34.4,RISK-ON
2026-09-28,PHM,93,False,50.5,ATTESA,False,119.13,140.8,15.39,Alta,Consumer Cyclical,-0.138,17.0,RISK-ON
2026-09-28,AAON,94,False,50.4,BREVE/MEDIO,True,85.34,59.47,-43.5,Bassa,Industrials,0.082,43.2,RISK-ON
2026-09-28,GEHC,95,False,50.1,ATTESA,False,66.78,83.05,19.59,Bassa,Healthcare,-0.111,25.5,RISK-ON
2026-09-28,SNDK,96,False,50.1,CASSETTO,True,1712.89,878.86,-94.9,Bassa,Technology,0.145,27.2,RISK-ON
2026-09-28,SAIA,97,False,49.9,ATTESA,False,330.25,242.77,-36.04,Bassa,Industrials,-0.028,33.2,RISK-ON
2026-09-28,JEF,98,False,49.8,BREVE/MEDIO,True,47.13,53.44,11.81,Media,Financial Services,0.004,30.6,RISK-ON
2026-09-28,DUOL,99,False,49.5,ATTESA,False,134.3,134.29,-0.01,Alta,Technology,-0.05,62.0,RISK-ON
2026-09-28,ST,100,False,49.4,ATTESA,False,41.74,57.72,27.69,Bassa,Technology,0.023,22.3,RISK-ON
2026-09-28,ENTG,101,False,49.4,CASSETTO,True,150.63,160.5,6.15,Media,Technology,0.347,19.4,RISK-ON
2026-09-28,SMCI,102,False,49.4,CASSETTO,True,41.78,42.38,1.4,Bassa,Technology,0.108,28.9,RISK-ON
2026-09-28,CMI,103,False,49.3,BREVE/MEDIO,True,517.84,588.61,12.02,Bassa,Industrials,0.014,29.5,RISK-ON
2026-09-28,APP,104,False,49.1,ATTESA,False,308.24,498.37,38.15,Bassa,Communication Services,-0.026,58.7,RISK-ON
2026-09-28,PPG,105,False,49.1,ATTESA,False,107.01,112.62,4.98,Alta,Basic Materials,-0.128,18.3,RISK-ON
2026-09-28,FERG,106,False,49.1,ATTESA,False,227.3,213.08,-6.67,Media,Industrials,-0.076,15.4,RISK-ON
2026-09-28,WWD,107,False,49.1,BREVE/MEDIO,True,325.94,182.64,-78.46,Bassa,Industrials,0.087,27.7,RISK-ON
2026-09-28,GEV,108,False,49.0,ATTESA,False,949.77,983.86,3.47,Bassa,Industrials,0.084,20.6,RISK-ON
2026-09-28,FOX,109,False,48.9,EVITARE,False,56.55,183.84,69.24,Media,Communication Services,-0.034,16.2,RISK-ON
2026-09-28,AYI,110,False,48.9,ATTESA,False,305.91,364.08,15.98,Alta,Industrials,-0.065,19.4,RISK-ON
2026-09-28,BURL,111,False,48.8,ATTESA,False,266.39,312.03,14.63,Media,Consumer Cyclical,-0.048,29.6,RISK-ON
2026-09-28,CSL,112,False,48.4,ATTESA,False,326.32,408.08,20.03,Alta,Industrials,-0.245,23.9,RISK-ON
2026-09-28,CART,113,False,48.1,ATTESA,False,43.34,64.46,32.76,Bassa,Consumer Cyclical,-0.058,17.7,RISK-ON
2026-09-28,BSY,114,False,48.1,ATTESA,False,31.29,43.93,28.78,Media,Technology,-0.07,44.9,RISK-ON
2026-09-28,SITM,115,False,47.9,CASSETTO,True,656.65,477.48,-37.53,Media,Technology,0.243,27.2,RISK-ON
2026-09-28,OLLI,116,False,47.8,ATTESA,False,85.53,88.95,3.85,Media,Consumer Defensive,0.016,35.9,RISK-ON
2026-09-28,NBIX,117,False,47.3,ATTESA,False,140.44,207.81,32.42,Bassa,Healthcare,-0.159,24.5,RISK-ON
2026-09-28,CDNS,118,False,47.2,ATTESA,False,326.7,305.84,-6.82,Bassa,Technology,-0.13,21.6,RISK-ON
2026-09-28,IESC,119,False,47.2,CASSETTO,True,322.09,137.79,-133.76,Bassa,Industrials,0.077,21.1,RISK-ON
2026-09-28,FLS,120,False,47.0,ATTESA,False,74.09,79.03,6.26,Media,Industrials,-0.141,19.1,RISK-ON
2026-09-28,GNRC,121,False,46.9,BREVE/MEDIO,True,205.21,212.03,3.22,Bassa,Industrials,-0.201,30.8,RISK-ON
2026-09-28,IDCC,122,False,46.8,EVITARE,False,327.14,370.8,11.77,Media,Technology,-0.053,20.2,RISK-ON
2026-09-28,BE,123,False,46.7,ATTESA,False,262.87,83.79,-213.73,Bassa,Industrials,-0.034,25.2,RISK-ON
2026-09-28,UAL,124,False,46.6,ATTESA,False,111.51,156.04,28.54,Bassa,Industrials,-0.001,19.6,RISK-ON
2026-09-28,SIRI,125,False,46.4,ATTESA,False,25.94,58.64,55.77,Media,Communication Services,-0.191,19.9,RISK-ON
2026-09-28,IR,126,False,46.1,BREVE/MEDIO,True,76.38,66.59,-14.7,Media,Industrials,-0.073,24.3,RISK-ON
2026-09-28,RTX,127,False,45.7,ATTESA,False,187.66,133.47,-40.6,Bassa,Industrials,-0.027,17.1,RISK-ON
2026-09-28,MUSA,128,False,45.4,CASSETTO,True,520.12,552.15,5.8,Media,Consumer Cyclical,0.083,18.1,RISK-ON
2026-09-28,MRVL,129,False,45.4,CASSETTO,True,251.9,216.61,-16.29,Media,Technology,0.114,23.6,RISK-ON
2026-09-28,PWR,130,False,45.4,CASSETTO,True,644.36,336.16,-91.68,Bassa,Industrials,0.192,18.3,RISK-ON
2026-09-28,JBL,131,False,45.2,BREVE/MEDIO,True,318.93,427.33,25.37,Bassa,Technology,0.12,25.6,RISK-ON
2026-09-28,TKO,132,False,45.2,ACCUMULO,True,181.58,195.17,6.96,Media,Communication Services,0.035,19.0,RISK-ON
2026-09-28,INTC,133,False,45.1,CASSETTO,True,116.03,45.37,-155.77,Bassa,Technology,0.199,18.5,RISK-ON
2026-09-28,SF,134,False,45.0,ATTESA,False,70.41,87.94,19.94,Media,Financial Services,-0.032,20.5,RISK-ON
2026-09-28,STLD,135,False,45.0,ATTESA,False,230.39,254.46,9.46,Media,Basic Materials,-0.189,20.0,RISK-ON
2026-09-28,IPGP,136,False,44.6,BREVE/MEDIO,True,77.23,73.83,-4.61,Media,Technology,-0.129,50.4,RISK-ON
2026-09-28,MORN,137,False,44.6,ATTESA,False,191.56,167.26,-14.53,Bassa,Financial Services,0.018,17.8,RISK-ON
2026-09-28,DBX,138,False,44.5,ATTESA,False,31.92,91.72,65.2,Bassa,Technology,-0.014,16.4,RISK-ON
2026-09-28,PINS,139,False,44.2,ATTESA,False,18.41,40.51,54.56,Media,Communication Services,-0.131,48.0,RISK-ON
2026-09-28,CVLT,140,False,43.9,CASSETTO,True,148.08,160.55,7.77,Media,Technology,0.204,24.8,RISK-ON
2026-09-28,HWM,141,False,43.8,ATTESA,False,228.32,109.84,-107.86,Bassa,Industrials,-0.095,26.3,RISK-ON
2026-09-28,CHRW,142,False,43.5,ATTESA,False,148.24,127.52,-16.25,Bassa,Industrials,-0.002,29.2,RISK-ON
2026-09-28,PEGA,143,False,43.4,ATTESA,False,33.23,51.44,35.4,Bassa,Technology,0.002,51.0,RISK-ON
2026-09-28,SLGN,144,False,43.4,ATTESA,False,35.95,55.31,35.0,Bassa,Consumer Cyclical,-0.226,26.3,RISK-ON
2026-09-28,FSLR,145,False,43.4,EVITARE,False,172.97,247.93,30.23,Media,Technology,-0.235,46.1,RISK-ON
2026-09-28,STE,146,False,43.3,ATTESA,False,211.0,263.12,19.81,Bassa,Healthcare,-0.149,21.0,RISK-ON
2026-09-28,OMC,147,False,43.2,ATTESA,False,75.1,258.84,70.99,Media,Communication Services,-0.127,15.3,RISK-ON
2026-09-28,ENSG,148,False,43.0,ATTESA,False,176.36,220.0,19.84,Bassa,Healthcare,-0.035,19.0,RISK-ON
2026-09-28,DLTR,149,False,42.8,ATTESA,False,116.02,136.6,15.07,Alta,Consumer Defensive,-0.304,18.5,RISK-ON
2026-09-28,ELF,150,False,42.8,ATTESA,False,101.8,79.48,-28.08,Media,Consumer Defensive,0.013,31.1,RISK-ON
2026-09-28,ALLY,151,False,42.6,EVITARE,False,38.19,75.15,49.18,Media,Financial Services,-0.115,18.7,RISK-ON
2026-09-28,NYT,152,False,42.5,EVITARE,False,64.17,78.56,18.31,Media,Communication Services,-0.055,26.1,RISK-ON
2026-09-28,LEA,153,False,42.3,EVITARE,False,120.24,215.04,44.09,Media,Consumer Cyclical,-0.143,19.3,RISK-ON
2026-09-28,TREX,154,False,42.3,ATTESA,False,44.44,34.3,-29.56,Bassa,Industrials,-0.043,18.2,RISK-ON
2026-09-28,MSCI,155,False,42.1,ATTESA,False,542.72,270.02,-100.99,Bassa,Financial Services,0.024,15.5,RISK-ON
2026-09-28,FLR,156,False,41.8,CASSETTO,True,49.22,57.22,13.99,Media,Industrials,0.057,15.6,RISK-ON
2026-09-28,EVR,157,False,41.8,BREVE/MEDIO,True,261.62,271.0,3.46,Media,Financial Services,-0.116,32.1,RISK-ON
2026-09-28,DOCS,158,False,41.4,EVITARE,False,26.2,31.37,16.48,Media,Healthcare,-0.12,65.8,RISK-ON
2026-09-28,GAP,159,False,41.0,ATTESA,False,22.95,26.51,13.43,Bassa,Consumer Cyclical,-0.125,20.5,RISK-ON
2026-09-28,OSK,160,False,40.7,EVITARE,False,132.79,198.15,32.99,Alta,Industrials,-0.166,25.6,RISK-ON
2026-09-28,GE,161,False,40.7,BREVE/MEDIO,True,318.24,154.26,-106.29,Bassa,Industrials,-0.059,18.2,RISK-ON
2026-09-28,TOL,162,False,40.4,EVITARE,False,136.51,165.9,17.71,Media,Consumer Cyclical,-0.163,18.6,RISK-ON
2026-09-28,GOOG,163,False,40.2,EVITARE,False,339.16,256.22,-32.37,Media,Communication Services,-0.011,16.0,RISK-ON
2026-09-28,HLI,164,False,40.1,ATTESA,False,129.54,105.47,-22.82,Media,Financial Services,-0.13,36.9,RISK-ON
2026-09-28,COST,165,False,40.0,ATTESA,False,922.92,450.0,-105.09,Bassa,Consumer Defensive,0.024,15.7,RISK-ON
2026-09-28,UFPI,166,False,39.8,BREVE/MEDIO,True,79.42,71.89,-10.47,Bassa,Basic Materials,-0.001,31.9,RISK-ON
2026-09-28,ORLY,167,False,39.8,ATTESA,False,86.51,58.0,-49.16,Bassa,Consumer Cyclical,-0.048,20.4,RISK-ON
2026-09-28,DECK,168,False,39.6,EVITARE,False,78.36,120.41,34.92,Alta,Consumer Cyclical,-0.298,35.9,RISK-ON
2026-09-28,PII,169,False,39.6,ATTESA,False,52.3,71.93,27.29,Alta,Consumer Cyclical,-0.22,32.2,RISK-ON
2026-09-28,PEP,170,False,39.6,ATTESA,False,128.5,152.55,15.76,Media,Consumer Defensive,-0.215,22.8,RISK-ON
2026-09-28,CF,171,False,39.5,EVITARE,False,115.51,140.61,17.85,Alta,Basic Materials,-0.142,18.5,RISK-ON
2026-09-28,IT,172,False,39.2,ATTESA,False,185.73,277.8,33.14,Bassa,Technology,-0.109,30.1,RISK-ON
2026-09-28,COIN,173,False,39.2,ATTESA,False,191.79,207.1,7.39,Bassa,Financial Services,-0.033,52.3,RISK-ON
2026-09-28,CARR,174,False,39.2,BREVE/MEDIO,True,55.87,56.31,0.78,Bassa,Industrials,-0.059,27.0,RISK-ON
2026-09-28,BKNG,175,False,39.1,ATTESA,False,163.87,238.78,31.37,Bassa,Consumer Cyclical,-0.303,26.5,RISK-ON
2026-09-28,GGG,176,False,39.0,ATTESA,False,78.25,59.42,-31.68,Media,Industrials,-0.093,17.6,RISK-ON
2026-09-28,GOOGL,177,False,38.7,EVITARE,False,342.75,256.22,-33.77,Media,Communication Services,-0.026,16.0,RISK-ON
2026-09-28,HQY,178,False,38.6,EVITARE,False,88.44,119.33,25.89,Bassa,Healthcare,-0.114,17.8,RISK-ON
2026-09-28,AXTA,179,False,38.6,ATTESA,False,32.68,39.33,16.92,Alta,Basic Materials,-0.434,15.4,RISK-ON
2026-09-28,AZO,180,False,38.4,EVITARE,False,2913.28,6153.11,52.65,Media,Consumer Cyclical,-0.183,32.8,RISK-ON
2026-09-28,COO,181,False,38.3,ATTESA,False,56.57,66.21,14.57,Bassa,Healthcare,-0.032,37.0,RISK-ON
2026-09-28,TJX,182,False,38.2,ATTESA,False,130.25,69.28,-88.0,Bassa,Consumer Cyclical,-0.164,23.1,RISK-ON
2026-09-28,HOOD,183,False,38.1,ATTESA,False,116.46,41.43,-181.13,Bassa,Financial Services,0.025,24.3,RISK-ON
2026-09-28,WMT,184,False,38.0,PAC,True,108.73,58.13,-87.04,Bassa,Consumer Defensive,0.055,19.4,RISK-ON
2026-09-28,TSN,185,False,37.8,EVITARE,False,50.95,70.46,27.69,Alta,Consumer Defensive,-0.147,25.4,RISK-ON
2026-09-28,LOPE,186,False,37.7,EVITARE,False,146.4,203.58,28.09,Media,Consumer Defensive,-0.183,34.4,RISK-ON
2026-09-28,COHR,187,False,37.4,EVITARE,False,282.45,446.57,36.75,Media,Technology,-0.139,35.8,RISK-ON
2026-09-28,DHI,188,False,37.2,EVITARE,False,139.42,146.34,4.73,Alta,Consumer Cyclical,-0.098,19.9,RISK-ON
2026-09-28,MNST,189,False,37.2,ATTESA,False,41.86,23.56,-77.64,Bassa,Consumer Defensive,-0.131,16.6,RISK-ON
2026-09-28,KEX,190,False,37.1,EVITARE,False,131.59,141.72,7.15,Alta,Industrials,-0.059,16.6,RISK-ON
2026-09-28,AXP,191,False,37.0,BREVE/MEDIO,True,306.33,242.13,-26.51,Media,Financial Services,-0.181,20.3,RISK-ON
2026-09-28,PVH,192,False,36.8,EVITARE,False,75.73,191.38,60.43,Media,Consumer Cyclical,-0.154,24.8,RISK-ON
2026-09-28,RYAN,193,False,36.8,BREVE/MEDIO,True,38.12,29.01,-31.4,Media,Financial Services,-0.061,34.8,RISK-ON
2026-09-28,MCO,194,False,36.7,ATTESA,False,460.08,227.09,-102.6,Bassa,Financial Services,-0.189,15.3,RISK-ON
2026-09-28,AA,195,False,36.6,EVITARE,False,42.25,62.64,32.55,Alta,Basic Materials,-0.379,49.8,RISK-ON
2026-09-28,HLNE,196,False,36.4,ATTESA,False,84.96,88.0,3.45,Media,Financial Services,-0.159,44.3,RISK-ON
2026-09-28,EL,197,False,36.1,ATTESA,False,95.57,107.48,11.08,Media,Consumer Defensive,-0.046,20.6,RISK-ON
2026-09-28,RPM,198,False,36.0,BREVE/MEDIO,True,100.2,87.42,-14.62,Media,Basic Materials,-0.209,16.9,RISK-ON
2026-09-28,COF,199,False,35.8,EVITARE,False,196.46,289.12,32.05,Media,Financial Services,-0.091,23.4,RISK-ON
2026-09-28,TOST,200,False,35.8,ATTESA,False,30.38,38.92,21.95,Bassa,Technology,-0.201,23.5,RISK-ON
2026-09-28,EXPE,201,False,35.7,ATTESA,False,264.23,499.92,47.15,Bassa,Consumer Cyclical,-0.188,22.6,RISK-ON
2026-09-28,TPL,202,False,35.6,EVITARE,False,338.15,804.32,57.96,Bassa,Energy,-0.171,37.9,RISK-ON
2026-09-28,EIX,203,False,35.4,EVITARE,False,51.47,104.05,50.53,Media,Utilities,-0.124,36.9,RISK-ON
2026-09-28,GDDY,204,False,35.4,EVITARE,False,93.71,158.57,40.9,Bassa,Technology,-0.051,34.2,RISK-ON
2026-09-28,BBWI,205,False,35.0,EVITARE,False,16.19,50.17,67.73,Media,Consumer Cyclical,-0.2,38.3,RISK-ON
2026-09-28,OXY,206,False,35.0,EVITARE,False,56.1,63.16,11.18,Alta,Energy,-0.214,16.1,RISK-ON
2026-09-28,MMS,207,False,34.9,EVITARE,False,52.1,142.12,63.34,Media,Industrials,-0.248,47.1,RISK-ON
2026-09-28,PNR,208,False,34.9,EVITARE,False,53.03,77.36,31.45,Alta,Industrials,-0.259,52.9,RISK-ON
2026-09-28,VST,209,False,34.9,EVITARE,False,138.02,165.85,16.78,Media,Utilities,-0.093,36.1,RISK-ON
2026-09-28,CRS,210,False,34.8,ACCUMULO,True,385.3,269.97,-42.72,Bassa,Industrials,0.003,38.4,RISK-ON
2026-09-28,SYF,211,False,34.6,EVITARE,False,71.52,125.47,43.0,Media,Financial Services,-0.165,18.4,RISK-ON
2026-09-28,CHDN,212,False,34.5,ATTESA,False,75.72,130.83,42.12,Bassa,Consumer Cyclical,-0.209,36.0,RISK-ON
2026-09-28,GWRE,213,False,34.4,ATTESA,False,145.18,171.04,15.12,Bassa,Technology,-0.105,43.3,RISK-ON
2026-09-28,HL,214,False,34.4,ATTESA,False,17.01,13.59,-25.2,Bassa,Basic Materials,-0.027,50.2,RISK-ON
2026-09-28,BAH,215,False,34.2,EVITARE,False,70.25,114.6,38.7,Alta,Industrials,-0.145,34.1,RISK-ON
2026-09-28,FCN,216,False,34.2,EVITARE,False,132.28,185.87,28.83,Media,Industrials,-0.056,30.1,RISK-ON
2026-09-28,ULS,217,False,34.2,EVITARE,False,64.8,89.69,27.75,Media,Industrials,-0.427,39.5,RISK-ON
2026-09-28,DOCN,218,False,34.2,CASSETTO,True,136.29,40.52,-236.39,Bassa,Technology,0.111,27.3,RISK-ON
2026-09-28,AIG,219,False,34.1,EVITARE,False,72.78,88.45,17.72,Media,Financial Services,-0.124,15.0,RISK-ON
2026-09-28,HSY,220,False,34.0,EVITARE,False,164.41,198.62,17.22,Alta,Consumer Defensive,-0.303,30.3,RISK-ON
2026-09-28,RMD,221,False,33.8,ATTESA,False,222.1,250.22,11.24,Bassa,Healthcare,-0.205,21.2,RISK-ON
2026-09-28,CDE,222,False,33.7,EVITARE,False,17.87,23.95,25.4,Media,Basic Materials,-0.138,35.6,RISK-ON
2026-09-28,NXT,223,False,33.5,EVITARE,False,79.13,139.18,43.14,Bassa,Technology,-0.119,51.5,RISK-ON
2026-09-28,PRI,224,False,33.5,EVITARE,False,275.45,324.5,15.12,Media,Financial Services,-0.237,15.5,RISK-ON
2026-09-28,KBH,225,False,33.5,BREVE/MEDIO,True,47.88,44.71,-7.09,Media,Consumer Cyclical,-0.245,28.5,RISK-ON
2026-09-28,ELAN,226,False,33.3,ATTESA,False,22.45,31.0,27.58,Media,Healthcare,-0.153,19.8,RISK-ON
2026-09-28,FICO,227,False,33.2,EVITARE,False,840.89,1434.89,41.4,Media,Technology,-0.054,57.9,RISK-ON
2026-09-28,GLPI,228,False,33.0,ATTESA,False,38.63,52.39,26.27,Bassa,Real Estate,-0.232,18.4,RISK-ON
2026-09-28,SNPS,229,False,33.0,EVITARE,False,417.61,553.77,24.59,Media,Technology,-0.123,22.6,RISK-ON
2026-09-28,H,230,False,32.9,ATTESA,False,161.19,155.92,-3.38,Bassa,Consumer Cyclical,-0.22,22.0,RISK-ON
2026-09-28,NFLX,231,False,32.8,EVITARE,False,69.23,92.93,25.5,Alta,Communication Services,-0.109,44.6,RISK-ON
2026-09-28,DPZ,232,False,32.8,ATTESA,False,292.27,377.89,22.66,Alta,Consumer Cyclical,-0.417,32.8,RISK-ON
2026-09-28,WFC,233,False,32.7,EVITARE,False,80.81,95.39,15.29,Alta,Financial Services,-0.143,16.0,RISK-ON
2026-09-28,CIEN,234,False,32.5,EVITARE,False,344.19,377.44,8.81,Media,Technology,-0.209,46.0,RISK-ON
2026-09-28,FAF,235,False,32.4,EVITARE,False,64.72,87.67,26.17,Alta,Financial Services,-0.321,18.2,RISK-ON
2026-09-28,VRSK,236,False,32.3,EVITARE,False,167.77,147.87,-13.46,Media,Industrials,-0.144,33.1,RISK-ON
2026-09-28,ACM,237,False,32.1,EVITARE,False,59.42,86.92,31.64,Media,Industrials,-0.281,55.7,RISK-ON
2026-09-28,HBAN,238,False,32.1,EVITARE,False,15.3,19.75,22.54,Media,Financial Services,-0.154,19.1,RISK-ON
2026-09-28,NOC,239,False,31.8,EVITARE,False,505.8,517.93,2.34,Media,Industrials,-0.15,34.1,RISK-ON
2026-09-28,VMC,240,False,31.8,EVITARE,False,246.15,138.47,-77.76,Bassa,Basic Materials,-0.233,25.2,RISK-ON
2026-09-28,BMRN,241,False,31.5,EVITARE,False,59.46,211.83,71.93,Media,Healthcare,-0.236,16.2,RISK-ON
2026-09-28,AR,242,False,31.5,EVITARE,False,34.34,47.77,28.11,Media,Energy,-0.305,24.9,RISK-ON
2026-09-28,VLY,243,False,31.4,EVITARE,False,12.78,16.68,23.37,Media,Financial Services,-0.164,15.2,RISK-ON
2026-09-28,TRMB,244,False,31.2,EVITARE,False,57.51,79.5,27.66,Media,Technology,-0.163,31.9,RISK-ON
2026-09-28,UTHR,245,False,31.1,ATTESA,False,485.54,360.41,-34.72,Bassa,Healthcare,-0.178,20.3,RISK-ON
2026-09-28,XRAY,246,False,30.8,BREVE/MEDIO,True,9.28,13.73,32.43,Bassa,Healthcare,-0.203,37.1,RISK-ON
2026-09-28,KNX,247,False,30.8,EVITARE,False,63.55,68.53,7.27,Media,Industrials,-0.063,23.1,RISK-ON
2026-09-28,BF-B,248,False,30.7,EVITARE,False,26.03,30.85,15.62,Alta,Consumer Defensive,-0.286,15.6,RISK-ON
2026-09-28,CINF,249,False,30.7,EVITARE,False,161.92,191.67,15.52,Media,Financial Services,-0.188,16.4,RISK-ON
2026-09-28,FNF,250,False,30.6,EVITARE,False,41.08,61.4,33.09,Media,Financial Services,-0.421,27.3,RISK-ON
2026-09-28,FOXA,251,False,30.5,EVITARE,False,63.06,76.42,17.48,Bassa,Communication Services,-0.058,16.7,RISK-ON
2026-09-28,SPXC,252,False,30.5,EVITARE,False,170.11,164.9,-3.16,Bassa,Industrials,-0.201,32.2,RISK-ON
2026-09-28,IP,253,False,30.3,EVITARE,False,34.0,51.82,34.39,Alta,Consumer Cyclical,-0.343,29.9,RISK-ON
2026-09-28,FBIN,254,False,30.3,EVITARE,False,38.43,56.27,31.7,Alta,Industrials,-0.245,39.7,RISK-ON
2026-09-28,DY,255,False,30.3,EVITARE,False,266.79,353.3,24.49,Bassa,Industrials,-0.215,52.9,RISK-ON
2026-09-28,WAL,256,False,30.3,EVITARE,False,76.55,100.22,23.62,Media,Financial Services,-0.124,20.1,RISK-ON
2026-09-28,BR,257,False,29.6,EVITARE,False,162.92,213.38,23.65,Alta,Technology,-0.222,30.2,RISK-ON
2026-09-28,NKE,258,False,29.6,ATTESA,False,36.39,26.19,-38.93,Media,Consumer Cyclical,-0.178,51.2,RISK-ON
2026-09-28,RGLD,259,False,29.5,ATTESA,False,240.32,167.27,-43.67,Bassa,Basic Materials,-0.074,21.2,RISK-ON
2026-09-28,J,260,False,29.4,ATTESA,False,138.37,140.54,1.54,Media,Industrials,-0.114,17.0,RISK-ON
2026-09-28,TXT,261,False,29.0,EVITARE,False,77.37,101.47,23.75,Media,Industrials,-0.308,23.8,RISK-ON
2026-09-28,CASY,262,False,29.0,ATTESA,False,606.24,306.78,-97.61,Bassa,Consumer Cyclical,-0.099,34.6,RISK-ON
2026-09-28,SLM,263,False,28.9,EVITARE,False,22.9,40.4,43.32,Media,Financial Services,-0.292,25.0,RISK-ON
2026-09-28,BWXT,264,False,28.8,EVITARE,False,134.35,89.3,-50.45,Bassa,Industrials,-0.095,44.3,RISK-ON
2026-09-28,XPO,265,False,28.8,EVITARE,False,176.66,110.28,-60.19,Bassa,Industrials,-0.09,23.9,RISK-ON
2026-09-28,BC,266,False,28.7,ATTESA,False,66.13,94.16,29.77,Bassa,Consumer Cyclical,-0.262,25.5,RISK-ON
2026-09-28,BYD,267,False,28.7,EVITARE,False,69.19,95.94,27.88,Media,Consumer Cyclical,-0.372,24.1,RISK-ON
2026-09-28,TTEK,268,False,28.6,EVITARE,False,33.89,29.54,-14.72,Media,Industrials,-0.151,20.9,RISK-ON
2026-09-28,LMT,269,False,28.5,EVITARE,False,518.1,556.82,6.95,Media,Industrials,-0.194,24.2,RISK-ON
2026-09-28,KBR,270,False,28.4,EVITARE,False,34.84,44.29,21.33,Media,Industrials,-0.088,26.6,RISK-ON
2026-09-28,ODFL,271,False,28.4,EVITARE,False,176.85,113.38,-55.98,Bassa,Industrials,-0.11,29.7,RISK-ON
2026-09-28,FIS,272,False,27.9,EVITARE,False,34.31,80.39,57.32,Media,Technology,-0.309,48.5,RISK-ON
2026-09-28,RDDT,273,False,27.9,EVITARE,False,143.08,213.71,33.05,Bassa,Communication Services,-0.166,45.7,RISK-ON
2026-09-28,NNN,274,False,27.9,ATTESA,False,41.4,47.73,13.27,Bassa,Real Estate,-0.19,16.1,RISK-ON
2026-09-28,ADC,275,False,27.8,ATTESA,False,67.3,83.83,19.72,Bassa,Real Estate,-0.301,17.1,RISK-ON
2026-09-28,UDR,276,False,27.8,ATTESA,False,33.83,41.45,18.39,Bassa,Real Estate,-0.358,18.5,RISK-ON
2026-09-28,ABNB,277,False,27.8,EVITARE,False,156.08,184.35,15.33,Alta,Consumer Cyclical,-0.264,19.3,RISK-ON
2026-09-28,POST,278,False,27.6,EVITARE,False,74.87,129.58,42.22,Alta,Consumer Defensive,-0.348,36.2,RISK-ON
2026-09-28,LITE,279,False,27.6,EVITARE,False,921.32,763.72,-20.64,Media,Technology,-0.103,15.1,RISK-ON
2026-09-28,RRC,280,False,27.5,EVITARE,False,37.86,43.3,12.55,Alta,Energy,-0.237,21.2,RISK-ON
2026-09-28,BDC,281,False,27.4,EVITARE,False,109.82,153.2,28.32,Bassa,Technology,-0.275,31.3,RISK-ON
2026-09-28,DG,282,False,27.1,EVITARE,False,124.37,140.93,11.75,Alta,Consumer Defensive,-0.17,20.6,RISK-ON
2026-09-28,R,283,False,26.9,EVITARE,False,233.93,301.21,22.34,Alta,Industrials,-0.163,17.4,RISK-ON
2026-09-28,ALL,284,False,26.6,EVITARE,False,227.55,276.09,17.58,Alta,Financial Services,-0.409,17.6,RISK-ON
2026-09-28,LDOS,285,False,26.5,EVITARE,False,122.35,157.73,22.43,Media,Technology,-0.305,39.9,RISK-ON
2026-09-28,CRM,286,False,26.4,EVITARE,False,227.27,359.09,36.71,Media,Technology,-0.337,15.1,RISK-ON
2026-09-28,MKC,287,False,26.4,ATTESA,False,48.46,59.33,18.31,Alta,Consumer Defensive,-0.348,31.9,RISK-ON
2026-09-28,SFM,288,False,26.1,EVITARE,False,63.45,94.5,32.86,Alta,Consumer Defensive,-0.4,44.5,RISK-ON
2026-09-28,SARO,289,False,25.7,EVITARE,False,22.22,29.95,25.81,Media,Industrials,-0.296,35.6,RISK-ON
2026-09-28,ALSN,290,False,25.6,ATTESA,False,113.66,140.4,19.05,Bassa,Consumer Cyclical,-0.294,17.0,RISK-ON
2026-09-28,BG,291,False,25.5,EVITARE,False,109.06,202.72,46.2,Media,Consumer Defensive,-0.262,18.6,RISK-ON
2026-09-28,PCAR,292,False,25.5,EVITARE,False,111.65,122.82,9.09,Media,Industrials,-0.189,19.6,RISK-ON
2026-09-28,GS,293,False,25.5,EVITARE,False,916.28,880.94,-4.01,Media,Financial Services,-0.088,20.2,RISK-ON
2026-09-28,RF,294,False,25.4,EVITARE,False,27.26,32.71,16.66,Alta,Financial Services,-0.323,15.2,RISK-ON
2026-09-28,CMG,295,False,25.3,EVITARE,False,31.85,36.99,13.89,Media,Consumer Cyclical,-0.259,25.6,RISK-ON
2026-09-28,ETR,296,False,25.3,ATTESA,False,98.1,81.67,-20.12,Media,Utilities,-0.138,16.7,RISK-ON
2026-09-28,HAL,297,False,25.0,EVITARE,False,32.43,41.05,21.01,Alta,Energy,-0.329,24.9,RISK-ON
2026-09-28,MZTI,298,False,24.9,EVITARE,False,101.1,130.21,22.36,Media,Consumer Defensive,-0.234,41.2,RISK-ON
2026-09-28,ORCL,299,False,24.8,EVITARE,False,132.6,351.91,62.32,Media,Technology,-0.231,58.5,RISK-ON
2026-09-28,CW,300,False,24.8,EVITARE,False,532.36,291.36,-82.72,Bassa,Industrials,-0.139,34.1,RISK-ON
2026-09-28,WING,301,False,24.6,EVITARE,False,101.8,141.4,28.0,Bassa,Consumer Cyclical,-0.202,66.2,RISK-ON
2026-09-28,CTSH,302,False,23.9,EVITARE,False,56.75,81.97,30.77,Bassa,Technology,-0.324,33.6,RISK-ON
2026-09-28,AKAM,303,False,23.8,EVITARE,False,108.99,158.87,31.4,Bassa,Technology,-0.418,34.1,RISK-ON
2026-09-28,BWA,304,False,23.8,EVITARE,False,61.07,87.25,30.01,Bassa,Consumer Cyclical,-0.135,22.3,RISK-ON
2026-09-28,OPCH,305,False,23.8,EVITARE,False,22.9,28.58,19.88,Bassa,Healthcare,-0.073,37.8,RISK-ON
2026-09-28,GD,306,False,23.8,EVITARE,False,334.16,316.09,-5.72,Media,Industrials,-0.246,16.5,RISK-ON
2026-09-28,SOLS,307,False,23.7,ATTESA,False,56.93,43.87,-29.78,Bassa,Basic Materials,-0.329,37.2,RISK-ON
2026-09-28,APPF,308,False,23.5,EVITARE,False,197.91,236.04,16.15,Media,Technology,-0.131,30.1,RISK-ON
2026-09-28,EXPO,309,False,22.9,EVITARE,False,64.35,48.24,-33.39,Media,Industrials,-0.115,20.4,RISK-ON
2026-09-28,SMG,310,False,22.8,EVITARE,False,48.44,71.14,31.91,Alta,Basic Materials,-0.426,35.0,RISK-ON
2026-09-28,BXP,311,False,22.8,ATTESA,False,62.43,76.35,18.23,Bassa,Real Estate,-0.324,16.7,RISK-ON
2026-09-28,G,312,False,22.4,EVITARE,False,32.6,47.55,31.44,Media,Technology,-0.402,31.9,RISK-ON
2026-09-28,FLG,313,False,22.2,EVITARE,False,12.04,16.1,25.21,Alta,Financial Services,-0.451,22.0,RISK-ON
2026-09-28,CYTK,314,False,21.9,EVITARE,False,66.16,109.9,39.8,Bassa,Healthcare,-0.203,25.1,RISK-ON
2026-09-28,KMB,315,False,21.9,EVITARE,False,98.77,116.2,15.0,Media,Consumer Defensive,-0.279,17.2,RISK-ON
2026-09-28,NVST,316,False,21.8,EVITARE,False,23.73,30.0,20.9,Bassa,Healthcare,-0.309,22.0,RISK-ON
2026-09-28,UBER,317,False,21.7,EVITARE,False,68.16,97.1,29.8,Media,Technology,-0.22,32.7,RISK-ON
2026-09-28,FISV,318,False,21.6,ATTESA,False,46.02,59.77,23.0,Bassa,N/D,-0.279,64.8,RISK-ON
2026-09-28,CRH,319,False,21.5,EVITARE,False,83.75,84.42,0.8,Bassa,Basic Materials,-0.206,35.6,RISK-ON
2026-09-28,ADBE,320,False,21.4,EVITARE,False,231.01,391.83,41.04,Bassa,Technology,-0.156,36.5,RISK-ON
2026-09-28,MTDR,321,False,21.3,EVITARE,False,51.45,100.74,48.93,Media,Energy,-0.274,21.9,RISK-ON
2026-09-28,ROL,322,False,21.2,ATTESA,False,30.59,22.56,-35.6,Bassa,Consumer Cyclical,-0.369,53.2,RISK-ON
2026-09-28,MS,323,False,21.0,EVITARE,False,193.64,163.23,-18.63,Media,Financial Services,-0.076,16.2,RISK-ON
2026-09-28,CVNA,324,False,21.0,ATTESA,False,60.47,44.53,-35.79,Bassa,Consumer Cyclical,-0.233,37.9,RISK-ON
2026-09-28,EAT,325,False,20.9,EVITARE,False,202.45,265.09,23.63,Bassa,Consumer Cyclical,-0.192,20.6,RISK-ON
2026-09-28,KNSL,326,False,20.7,EVITARE,False,324.92,259.76,-25.08,Media,Financial Services,-0.244,32.8,RISK-ON
2026-09-28,MRSH,327,False,20.6,EVITARE,False,169.03,136.92,-23.45,Bassa,Financial Services,-0.298,17.4,RISK-ON
2026-09-28,OTIS,328,False,20.3,EVITARE,False,66.33,77.08,13.95,Alta,Industrials,-0.212,29.0,RISK-ON
2026-09-28,RBA,329,False,20.1,EVITARE,False,80.77,82.72,2.35,Bassa,Industrials,-0.231,31.8,RISK-ON
2026-09-28,BILL,330,False,19.9,EVITARE,False,41.6,57.3,27.4,Bassa,Technology,-0.068,27.3,RISK-ON
2026-09-28,EXLS,331,False,19.9,EVITARE,False,34.6,44.62,22.46,Bassa,Technology,-0.23,21.9,RISK-ON
2026-09-28,PAYX,332,False,19.8,EVITARE,False,99.3,113.93,12.84,Bassa,Technology,-0.15,22.4,RISK-ON
2026-09-28,RCL,333,False,19.7,EVITARE,False,242.59,537.9,54.9,Media,Consumer Cyclical,-0.287,30.8,RISK-ON
2026-09-28,PPL,334,False,19.6,EVITARE,False,32.11,33.89,5.24,Media,Utilities,-0.059,18.6,RISK-ON
2026-09-28,EXP,335,False,19.6,EVITARE,False,175.87,183.57,4.2,Media,Basic Materials,-0.327,28.3,RISK-ON
2026-09-28,JBHT,336,False,19.5,EVITARE,False,226.07,170.31,-32.74,Bassa,Industrials,-0.2,24.5,RISK-ON
2026-09-28,LSTR,337,False,19.4,EVITARE,False,165.41,130.31,-26.94,Bassa,Industrials,-0.076,27.4,RISK-ON
2026-09-28,SYK,338,False,19.2,EVITARE,False,275.31,369.0,25.39,Bassa,Healthcare,-0.392,29.3,RISK-ON
2026-09-28,PFGC,339,False,19.1,EVITARE,False,91.97,120.13,23.44,Media,Consumer Defensive,-0.311,21.7,RISK-ON
2026-09-28,XYL,340,False,19.1,EVITARE,False,100.91,106.17,4.96,Media,Industrials,-0.243,33.7,RISK-ON
2026-09-28,NOW,341,False,19.0,EVITARE,False,131.45,144.99,9.34,Media,Technology,-0.139,31.9,RISK-ON
2026-09-28,KKR,342,False,19.0,EVITARE,False,93.24,88.91,-4.87,Media,Financial Services,-0.233,35.3,RISK-ON
2026-09-28,HXL,343,False,19.0,EVITARE,False,84.14,55.75,-50.92,Bassa,Industrials,-0.215,24.6,RISK-ON
2026-09-28,ARE,344,False,18.8,EVITARE,False,48.66,52.57,7.44,Bassa,Real Estate,-0.086,40.5,RISK-ON
2026-09-28,ADSK,345,False,18.6,EVITARE,False,207.19,307.54,32.63,Media,Technology,-0.289,36.5,RISK-ON
2026-09-28,APO,346,False,18.6,EVITARE,False,119.0,128.83,7.63,Media,Financial Services,-0.234,21.4,RISK-ON
2026-09-28,SPGI,347,False,18.6,EVITARE,False,395.92,242.63,-63.18,Bassa,Financial Services,-0.341,23.7,RISK-ON
2026-09-28,IBM,348,False,18.4,EVITARE,False,220.67,221.79,0.5,Alta,Technology,-0.224,33.1,RISK-ON
2026-09-28,AJG,349,False,18.4,ATTESA,False,229.46,178.36,-28.65,Media,Financial Services,-0.359,26.0,RISK-ON
2026-09-28,DASH,350,False,18.2,EVITARE,False,178.39,256.26,30.39,Alta,Consumer Cyclical,-0.272,37.5,RISK-ON
2026-09-28,OLN,351,False,18.0,EVITARE,False,16.05,21.27,24.53,Bassa,Basic Materials,-0.188,46.3,RISK-ON
2026-09-28,CME,352,False,17.7,EVITARE,False,263.24,155.12,-69.7,Bassa,Financial Services,-0.117,17.3,RISK-ON
2026-09-28,WDAY,353,False,17.5,EVITARE,False,188.6,259.05,27.19,Bassa,Technology,-0.308,24.5,RISK-ON
2026-09-28,UHS,354,False,17.5,EVITARE,False,177.48,194.35,8.68,Bassa,Healthcare,-0.278,27.6,RISK-ON
2026-09-28,MLM,355,False,17.2,EVITARE,False,490.77,277.52,-76.84,Bassa,Basic Materials,-0.14,30.7,RISK-ON
2026-09-28,HII,356,False,17.0,EVITARE,False,257.05,354.19,27.43,Media,Industrials,-0.288,43.6,RISK-ON
2026-09-28,PLNT,357,False,16.9,EVITARE,False,40.5,67.54,40.04,Bassa,Consumer Cyclical,-0.324,64.6,RISK-ON
2026-09-28,VC,358,False,16.9,EVITARE,False,86.95,129.0,32.6,Bassa,Consumer Cyclical,-0.209,31.3,RISK-ON
2026-09-28,FE,359,False,16.9,EVITARE,False,43.02,47.19,8.84,Media,Utilities,-0.131,16.1,RISK-ON
2026-09-28,CPRT,360,False,16.9,EVITARE,False,27.22,29.76,8.54,Media,Industrials,-0.332,40.7,RISK-ON
2026-09-28,ATI,361,False,16.9,EVITARE,False,180.67,108.34,-66.76,Bassa,Industrials,-0.194,25.8,RISK-ON
2026-09-28,BROS,362,False,16.6,EVITARE,False,37.74,42.73,11.68,Media,Consumer Cyclical,-0.377,49.0,RISK-ON
2026-09-28,INTU,363,False,16.1,EVITARE,False,269.4,405.6,33.58,Bassa,Technology,-0.346,61.3,RISK-ON
2026-09-28,EXR,364,False,15.9,EVITARE,False,131.68,158.5,16.92,Bassa,Real Estate,-0.195,16.1,RISK-ON
2026-09-28,RLI,365,False,15.8,EVITARE,False,55.98,32.35,-73.05,Media,Financial Services,-0.223,16.2,RISK-ON
2026-09-28,NFG,366,False,15.7,EVITARE,False,77.76,82.71,5.98,Bassa,Energy,-0.168,19.0,RISK-ON
2026-09-28,MOS,367,False,15.5,EVITARE,False,22.25,20.34,-9.4,Media,Basic Materials,-0.052,35.9,RISK-ON
2026-09-28,ORA,368,False,15.4,ATTESA,False,90.36,41.16,-119.52,Bassa,Utilities,-0.243,38.2,RISK-ON
2026-09-28,CBRE,369,False,15.2,EVITARE,False,130.35,182.17,28.44,Bassa,Real Estate,-0.29,25.2,RISK-ON
2026-09-28,IRM,370,False,15.2,EVITARE,False,111.05,144.91,23.37,Bassa,Real Estate,-0.06,16.9,RISK-ON
2026-09-28,STZ,371,False,15.1,EVITARE,False,112.92,215.76,47.66,Alta,Consumer Defensive,-0.361,32.0,RISK-ON
2026-09-28,BAX,372,False,15.1,EVITARE,False,23.49,32.25,27.16,Bassa,Healthcare,-0.23,21.7,RISK-ON
2026-09-28,TYL,373,False,14.8,EVITARE,False,324.02,424.77,23.72,Media,Technology,-0.292,39.1,RISK-ON
2026-09-28,LHX,374,False,14.6,EVITARE,False,237.7,230.17,-3.27,Bassa,Industrials,-0.251,36.5,RISK-ON
2026-09-28,NVR,375,False,14.6,EVITARE,False,6267.89,5714.84,-9.68,Alta,Consumer Cyclical,-0.276,23.6,RISK-ON
2026-09-28,BALL,376,False,14.2,EVITARE,False,57.13,72.57,21.28,Bassa,Consumer Cyclical,-0.397,15.5,RISK-ON
2026-09-28,TSCO,377,False,14.2,EVITARE,False,32.07,24.58,-30.48,Media,Consumer Cyclical,-0.277,43.6,RISK-ON
2026-09-28,AVAV,378,False,14.1,EVITARE,False,147.23,75.78,-94.3,Bassa,Industrials,-0.133,64.8,RISK-ON
2026-09-28,GBCI,379,False,13.8,EVITARE,False,44.06,43.08,-2.27,Media,Financial Services,-0.282,19.3,RISK-ON
2026-09-28,WYNN,380,False,13.6,EVITARE,False,80.52,121.38,33.66,Media,Consumer Cyclical,-0.285,39.8,RISK-ON
2026-09-28,CDW,381,False,13.6,EVITARE,False,130.33,158.67,17.86,Bassa,Technology,-0.181,20.4,RISK-ON
2026-09-28,EFX,382,False,13.6,EVITARE,False,145.78,172.74,15.61,Media,Industrials,-0.282,42.9,RISK-ON
2026-09-28,POR,383,False,13.5,EVITARE,False,44.18,57.38,23.01,Media,Utilities,-0.305,17.3,RISK-ON
2026-09-28,LYB,384,False,13.4,EVITARE,False,58.27,68.47,14.9,Alta,Basic Materials,-0.401,29.1,RISK-ON
2026-09-28,CBOE,385,False,13.4,EVITARE,False,253.26,182.68,-38.64,Media,Financial Services,-0.177,31.4,RISK-ON
2026-09-28,AEE,386,False,13.3,EVITARE,False,99.39,92.92,-6.96,Media,Utilities,-0.211,15.4,RISK-ON
2026-09-28,WM,387,False,13.3,EVITARE,False,206.44,154.98,-33.21,Bassa,Industrials,-0.237,16.1,RISK-ON
2026-09-28,TSLA,388,False,13.1,EVITARE,False,357.45,395.83,9.7,Bassa,Consumer Cyclical,-0.117,28.3,RISK-ON
2026-09-28,HD,389,False,13.1,EVITARE,False,289.89,195.8,-48.06,Bassa,Consumer Cyclical,-0.404,27.5,RISK-ON
2026-09-28,BRO,390,False,12.8,EVITARE,False,60.24,57.9,-4.04,Media,Financial Services,-0.438,37.0,RISK-ON
2026-09-28,ARWR,391,False,12.5,EVITARE,False,65.46,107.23,38.95,Bassa,Healthcare,-0.243,31.4,RISK-ON
2026-09-28,PATH,392,False,12.4,EVITARE,False,12.19,17.32,29.6,Bassa,Technology,-0.296,38.6,RISK-ON
2026-09-28,TEX,393,False,12.3,EVITARE,False,55.5,79.94,30.57,Bassa,Industrials,-0.256,25.5,RISK-ON
2026-09-28,CVS,394,False,12.3,EVITARE,False,87.85,116.28,24.45,Bassa,Healthcare,-0.187,20.1,RISK-ON
2026-09-28,TRU,395,False,11.9,EVITARE,False,66.19,66.86,1.01,Media,Financial Services,-0.152,25.4,RISK-ON
2026-09-28,YUM,396,False,11.9,EVITARE,False,138.28,124.74,-10.86,Bassa,Consumer Cyclical,-0.224,18.3,RISK-ON
2026-09-28,FDS,397,False,11.7,EVITARE,False,267.67,236.7,-13.08,Media,Financial Services,-0.247,16.5,RISK-ON
2026-09-28,AON,398,False,11.5,EVITARE,False,272.1,243.39,-11.8,Bassa,Financial Services,-0.363,28.7,RISK-ON
2026-09-28,WTW,399,False,11.4,EVITARE,False,292.11,274.24,-6.51,Media,Financial Services,-0.321,16.9,RISK-ON
2026-09-28,JKHY,400,False,10.3,EVITARE,False,147.82,98.26,-50.44,Bassa,Technology,-0.323,22.7,RISK-ON
2026-09-28,HR,401,False,10.2,EVITARE,False,17.98,21.42,16.05,Bassa,Real Estate,-0.271,17.4,RISK-ON
2026-09-28,SBAC,402,False,10.1,EVITARE,False,163.43,225.9,27.65,Bassa,Real Estate,-0.344,26.2,RISK-ON
2026-09-28,MP,403,False,10.0,EVITARE,False,46.45,74.29,37.48,Bassa,Basic Materials,-0.384,53.7,RISK-ON
2026-09-28,ACN,404,False,9.5,EVITARE,False,174.47,249.76,30.15,Media,Technology,-0.328,38.8,RISK-ON
2026-09-28,MTZ,405,False,9.1,EVITARE,False,204.09,213.14,4.25,Bassa,Industrials,-0.296,53.8,RISK-ON
2026-09-28,IDA,406,False,8.8,EVITARE,False,128.81,111.26,-15.77,Media,Utilities,-0.306,16.3,RISK-ON
2026-09-28,MAA,407,False,8.7,EVITARE,False,118.34,141.44,16.33,Bassa,Real Estate,-0.337,17.1,RISK-ON
2026-09-28,JLL,408,False,8.5,EVITARE,False,314.1,427.0,26.44,Bassa,Real Estate,-0.419,20.2,RISK-ON
2026-09-28,TXRH,409,False,8.3,EVITARE,False,158.45,191.71,17.35,Bassa,Consumer Cyclical,-0.275,26.5,RISK-ON
2026-09-28,PSN,410,False,8.2,EVITARE,False,41.6,59.64,30.24,Bassa,Technology,-0.282,53.5,RISK-ON
2026-09-28,ATO,411,False,8.2,EVITARE,False,157.05,144.33,-8.81,Media,Utilities,-0.265,17.5,RISK-ON
2026-09-28,LOW,412,False,8.2,EVITARE,False,187.66,156.34,-20.04,Media,Consumer Cyclical,-0.385,35.3,RISK-ON
2026-09-28,NJR,413,False,8.0,EVITARE,False,50.4,55.16,8.64,Media,Utilities,-0.255,16.4,RISK-ON
2026-09-28,SO,414,False,8.0,EVITARE,False,82.35,78.77,-4.54,Media,Utilities,-0.258,16.4,RISK-ON
2026-09-28,USFD,415,False,7.8,EVITARE,False,93.72,99.85,6.14,Media,Consumer Defensive,-0.26,15.9,RISK-ON
2026-09-28,BX,416,False,7.6,EVITARE,False,114.56,89.82,-27.55,Media,Financial Services,-0.276,32.7,RISK-ON
2026-09-28,DOW,417,False,7.3,EVITARE,False,27.89,22.79,-22.36,Media,Basic Materials,-0.255,33.3,RISK-ON
2026-09-28,CHWY,418,False,7.2,EVITARE,False,18.61,33.2,43.94,Bassa,Consumer Cyclical,-0.315,54.1,RISK-ON
2026-09-28,AGNC,419,False,7.2,EVITARE,False,9.46,11.06,14.43,Bassa,Real Estate,-0.495,15.5,RISK-ON
2026-09-28,GEN,420,False,7.0,EVITARE,False,20.85,43.08,51.6,Media,Technology,-0.507,34.1,RISK-ON
2026-09-28,SUI,421,False,6.7,EVITARE,False,112.28,138.68,19.04,Bassa,Real Estate,-0.507,17.1,RISK-ON
2026-09-28,VNOM,422,False,6.4,EVITARE,False,40.53,27.73,-46.14,Bassa,Energy,-0.479,18.3,RISK-ON
2026-09-28,CCL,423,False,5.8,EVITARE,False,22.14,33.99,34.86,Media,Consumer Cyclical,-0.384,33.9,RISK-ON
2026-09-28,ROP,424,False,5.8,EVITARE,False,354.0,381.81,7.28,Alta,Technology,-0.252,31.6,RISK-ON
2026-09-28,KNF,425,False,5.7,EVITARE,False,53.37,45.46,-17.41,Bassa,Basic Materials,-0.219,44.6,RISK-ON
2026-09-28,WY,426,False,5.5,EVITARE,False,19.72,31.0,36.39,Bassa,Real Estate,-0.447,27.0,RISK-ON
2026-09-28,ERIE,427,False,5.2,EVITARE,False,221.92,103.8,-113.8,Media,Financial Services,-0.305,31.7,RISK-ON
2026-09-28,OGS,428,False,5.1,EVITARE,False,71.66,80.85,11.37,Media,Utilities,-0.295,19.7,RISK-ON
2026-09-28,CSGP,429,False,4.8,EVITARE,False,27.02,37.3,27.56,Bassa,Real Estate,-0.227,68.3,RISK-ON
2026-09-28,WLK,430,False,4.7,EVITARE,False,66.84,41.3,-61.84,Bassa,Basic Materials,-0.259,45.5,RISK-ON
2026-09-28,FND,431,False,3.9,EVITARE,False,46.36,26.45,-75.28,Bassa,Consumer Cyclical,-0.25,40.1,RISK-ON
2026-09-28,O,432,False,3.8,EVITARE,False,55.35,67.26,17.71,Bassa,Real Estate,-0.401,16.9,RISK-ON
2026-09-28,DTM,433,False,3.6,EVITARE,False,121.97,53.88,-126.38,Bassa,Energy,-0.275,19.2,RISK-ON
2026-09-28,KTOS,434,False,3.2,EVITARE,False,44.07,18.72,-135.41,Bassa,Industrials,-0.248,67.1,RISK-ON
2026-09-28,TTWO,435,False,2.3,EVITARE,False,202.35,174.97,-15.65,Bassa,Communication Services,-0.297,23.9,RISK-ON
2026-09-28,ARES,436,False,0.9,EVITARE,False,118.34,86.29,-37.15,Media,Financial Services,-0.252,32.0,RISK-ON
2026-09-28,MCD,437,False,0.4,EVITARE,False,233.6,174.85,-33.6,Bassa,Consumer Cyclical,-0.524,30.3,RISK-ON
2026-09-28,HUBS,438,False,0.0,EVITARE,False,202.84,249.72,18.77,Bassa,Technology,-0.431,61.3,RISK-ON
2026-09-28,HCA,439,False,0.0,EVITARE,False,432.6,384.19,-12.6,Media,Healthcare,-0.166,21.9,RISK-ON
2026-09-28,CAVA,440,False,0.0,EVITARE,False,51.58,23.8,-116.68,Bassa,Consumer Cyclical,-0.407,47.8,RISK-ON
